{
  "\u5cad\u56de\u5f52": {
    "train_r2": 0.2267106189747139,
    "test_r2": 0.19075786964653896,
    "test_rmse": 1.9287332581026828,
    "test_mae": 1.6043706571216412
  },
  "Lasso\u56de\u5f52": {
    "train_r2": 0.21689660956450973,
    "test_r2": 0.19799357453494504,
    "test_rmse": 1.9200911717998352,
    "test_mae": 1.6356840107133142
  },
  "\u968f\u673a\u68ee\u6797": {
    "train_r2": 0.5608514328346046,
    "test_r2": 0.07797730194595798,
    "test_rmse": 2.0587505736987723,
    "test_mae": 1.6948121034186747
  },
  "\u68af\u5ea6\u63d0\u5347": {
    "train_r2": 0.6065631708125383,
    "test_r2": -0.0312110127561549,
    "test_rmse": 2.1772419733146364,
    "test_mae": 1.7096404760575465
  },
  "\u652f\u6301\u5411\u91cf\u673a": {
    "train_r2": 0.2812707659611714,
    "test_r2": 0.13597049284660767,
    "test_rmse": 1.992953721453697,
    "test_mae": 1.5936617908267392
  },
  "K\u8fd1\u90bb": {
    "train_r2": 0.31686438078881174,
    "test_r2": 0.1892602172788409,
    "test_rmse": 1.9305171720873497,
    "test_mae": 1.5862068965517244
  }
}